{
  "directory": [
   {
     "name" : "assets/global/movie_caption"
   },
   {
     "name" : "assets/global/series_caption"
   }
  ],
  "sql_file": "",
  "files": [
    {
        "root_directory"    : "update/update_1.2/controllers/Admin.php",
        "update_directory"  : "application/controllers/Admin.php"
    },
    {
        "root_directory"    : "update/update_1.2/models/Crud_model.php",
        "update_directory"  : "application/models/Crud_model.php"
    },
    {
        "root_directory"    : "update/update_1.2/views/backend/actor_list.php",
        "update_directory"  : "application/views/backend/pages/actor_list.php"
    },
    {
        "root_directory"    : "update/update_1.2/views/backend/movie_create.php",
        "update_directory"  : "application/views/backend/pages/movie_create.php"
    },
    {
        "root_directory"    : "update/update_1.2/views/backend/movie_edit.php",
        "update_directory"  : "application/views/backend/pages/movie_edit.php"
    },
    {
        "root_directory"    : "update/update_1.2/views/backend/series_create.php",
        "update_directory"  : "application/views/backend/pages/series_create.php"
    },
    {
        "root_directory"    : "update/update_1.2/views/backend/series_edit.php",
        "update_directory"  : "application/views/backend/pages/series_edit.php"
    },
    {
        "root_directory"    : "update/update_1.2/views/backend/actor_wise_movie_and_series.php",
        "update_directory"  : "application/views/backend/pages/actor_wise_movie_and_series.php"
    },
    {
        "root_directory"    : "update/update_1.2/views/frontend/playmovie.php",
        "update_directory"  : "application/views/frontend/flixer/playmovie.php"
    },
    {
        "root_directory"    : "update/update_1.2/views/frontend/playseries.php",
        "update_directory"  : "application/views/frontend/flixer/playseries.php"
    }
  ]
}
